id	name
1	Sadako
2	Sadako
3	Sadako
4	Sadako
5	Sadako
6	Sadako
7	Sadako
8	Sadako
9	Sadako
10	Sadako
11	Sadako
12	Sadako
13	Sadako
14	Sadako
15	Sadako
16	Sadako
17	Sadako
18	Sadako
19	Sadako
20	Sadako
21	Sadako
22	Sadako
23	Sadako
24	Sadako
25	Sadako
26	Sadako
27	Sadako
28	Sadako
29	Sadako
30	Sadako
31	Sadako
32	Sadako
33	Sadako
34	Sadako
35	Sadako
36	Sadako
37	Sadako
38	Sadako
39	Sadako
40	Sadako
41	Sadako
42	Sadako
43	Sadako
44	Stanley
45	Sadako
46	Sadako
47	Sadako
48	Sadako
49	Sadako
50	Sadako
51	Sadako
52	Sadako
53	Sadako
54	Sadako
55	Sadako
56	Sadako
57	Sadako
58	Sadako
59	Sadako
60	Sadako
61	Sadako
62	Sadako
63	Sadako
64	Sadako
65	Sadako
66	Sadako
67	Sadako
68	Sadako
69	Brosnan
70	Sadako
71	Sadako
72	Sadako
73	Sadako
74	Sadako
75	Sadako
76	Sadako
77	Sadako
78	Sadako
79	Sadako
80	Sadako
81	Sadako
82	Sadako
83	Sadako
84	Sadako
85	Sadako
86	Sadako
87	Sadako
88	Sadako
89	Sadako
90	Brosnan
91	Sadako
92	Sadako
93	Brosnan
94	Brosnan
95	Aidan Quinn
96	Sadako
97	Sadako
98	Sadako
99	Sadako
100	Sadako
101	Sadako
102	Sadako
103	Sadako
104	Sadako
105	Sadako
106	Sadako
107	Sadako
108	Sadako
109	Sadako
110	Sadako
111	Sadako
112	Sadako
113	Sadako
114	Sadako
115	Sadako
116	Sadako
117	Sadako
118	Sadako
119	Sadako
120	Sadako
121	Sadako
122	Sadako
123	Sadako
124	Sadako
125	Sadako
126	Sadako
127	Sadako
128	Sadako
129	Sadako
130	Sadako
131	Sadako
132	Sadako
133	Stanley
134	Brosnan
135	Sadako
136	Sadako
137	Stanley
138	Sadako
139	Sadako
140	Sadako
141	Stanley
142	Sadako
143	Sadako
144	Stanley
145	Sadako
146	Sadako
147	Sadako
148	Sadako
149	Sadako
150	Sadako
151	Sadako
152	Sadako
153	Sadako
154	Sadako
155	Sadako
156	Sadako
157	Sadako
158	Sadako
159	Sadako
160	Sadako
161	Sadako
162	Sadako
163	Sadako
164	Sadako
165	Sadako
166	Sadako
167	Sadako
168	Sadako
169	Sadako
170	Sadako
171	Sadako
172	Sadako
173	Stanley
174	Christopher Walken
175	Stanley
176	Sadako
177	Christopher Walken
178	Sadako
179	Sadako
180	Sadako
181	Christopher Walken
182	Sadako
183	Sadako
184	Sadako
185	Sadako
186	Sadako
187	Brosnan
188	Christopher Walken
189	Aidan Quinn
190	Christopher Walken
191	Sadako
192	Sadako
193	Sadako
194	Sadako
195	Sadako
196	Sadako
197	Sadako
198	Sadako
199	Sadako
200	Sadako
